{
    "&&": {
        "b": {
            "32": 0.38586
        },
        "y": {
            "32": 0.33922
        }
    },
    "||": {
        "b": {
            "32": 0.55621
        },
        "y": {
            "32": 0.41472
        }
    },
    "a2b": {
        "1": 0.54295,
        "8": 0.54849,
        "16": 0.51277,
        "32": 0.48234
    },
    "a2y": {
        "1": 0.46887,
        "8": 0.43024,
        "16": 0.41856,
        "32": 0.43516
    },
    "add": {
        "a": {
            "1": 0.20583,
            "8": 0.20448,
            "16": 0.20584,
            "32": 0.20295
        },
        "b": {
            "1": 0.18577,
            "8": 0.4443,
            "16": 0.54744,
            "32": 0.59563
        },
        "y": {
            "1": 0.2251,
            "8": 0.21593,
            "16": 0.28922,
            "32": 0.38037
        }
    },
    "and": {
        "b": {
            "1": 0.40378,
            "8": 0.40342,
            "16": 0.36407,
            "32": 0.35739
        },
        "y": {
            "1": 0.29983,
            "8": 0.29185,
            "16": 0.29563,
            "32": 0.30127
        }
    },
    "b2a": {
        "32": 0.57175
    },
    "b2y": {
        "32": 0.509355
    },
    "eq": {
        "b": {
            "32": 0.69731
        },
        "y": {
            "32": 0.355015
        }
    },
    "ge": {
        "b": {
            "32": 0.87113
        },
        "y": {
            "32": 0.38809
        }
    },
    "gt": {
        "b": {
            "32": 0.914225
        },
        "y": {
            "32": 0.38257
        }
    },
    "le": {
        "b": {
            "32": 0.86263
        },
        "y": {
            "32": 0.349345
        }
    },
    "lt": {
        "b": {
            "32": 0.85206
        },
        "y": {
            "32": 0.38054
        }
    },
    "mul": {
        "b": {
            "32": 4.58927
        },
        "y": {
            "32": 2.361075
        },
        "a": {
            "32": 0.390325
        }
    },
    "mux": {
        "b": {
            "32": 0.469375
        },
        "y": {
            "32": 0.53383
        }
    },
    "ne": {
        "b": {
            "32": 1.0055
        },
        "y": {
            "32": 0.510765
        }
    },
    "or": {
        "b": {
            "32": 0.55621
        },
        "y": {
            "32": 0.41472
        }
    },
    "sub": {
        "a": {
            "32": 0.252335
        },
        "b": {
            "32": 3.27861
        },
        "y": {
            "32": 0.50248
        }
    },
    "xor": {
        "b": {
            "32": 0.239875
        },
        "y": {
            "32": 0.404965
        }
    },
    "y2a": {
        "32": 0.713365
    },
    "y2b": {
        "32": 0.616235
    },
    "div": {
        "b": {
            "32": 49.9776
        },
        "y": {
            "32": 1.652385
        }
    },
    "rem": {
        "b": {
            "32": 52.8828
        },
        "y": {
            "32": 1.76164
        }
    },
    "select": {
        "b": {
            "32": 845.721
        },
        "y": {
            "32": 635.762
        }
    },
    "store": {
        "b": {
            "32": 845.721
        },
        "y": {
            "32": 635.76
        }
    },
    "shl": {
        "b": {
            "1": 981,
            "8": 981,
            "16": 981,
            "32": 981
        },
        "y": {
            "1": 224,
            "8": 224,
            "16": 224,
            "32": 224
        }
    },
    "shr": {
        "b": {
            "1": 1015,
            "8": 1015,
            "16": 1015,
            "32": 1015
        },
        "y": {
            "1": 224,
            "8": 224,
            "16": 224,
            "32": 224
        }
    }
}