{
    "depth": {
        "a": 8.96816269e-2,
        "b": 1.09058202e-1
    },
    "bvadd": {
        "a": {
            "32": 0.0
        },
        "b": {
            "32": 0.1096
        },
        "y": {
            "32": 0.0577
        },
        "depth": {
            "a": 0,
            "b": 6
        }
    },
    "and": {
        "b": {
            "32": 0.0155
        },
        "y": {
            "32": 0.0167
        },
        "depth": {
            "b": 1
        }
    },
    "bvand": {
        "b": {
            "32": 0.0155
        },
        "y": {
            "32": 0.0167
        },
        "depth": {
            "b": 1
        }
    },
    "=": {
        "b": {
            "32": 0.0187
        },
        "y": {
            "32": 0.0246
        },
        "depth": {
            "b": 4
        }
    },
    "bvuge": {
        "b": {
            "32": 0.0503
        },
        "y": {
            "32": 0.0419
        },
        "depth": {
            "b": 6
        }
    },
    "bvugt": {
        "b": {
            "32": 0.0503
        },
        "y": {
            "32": 0.0419
        },
        "depth": {
            "b": 6
        }
    },
    "bvule": {
        "b": {
            "32": 0.0503
        },
        "y": {
            "32": 0.0419
        },
        "depth": {
            "b": 6
        }
    },
    "bvult": {
        "b": {
            "32": 0.0503
        },
        "y": {
            "32": 0.0419
        },
        "depth": {
            "b": 6
        }
    },
    "bvmul": {
        "a": {
            "32": 0.007
        },
        "b": {
            "32": 1.287
        },
        "y": {
            "32": 2.0644
        },
        "depth": {
            "a": 1,
            "b": 32
        }
    },
    "ite": {
        "b": {
            "32": 0.023
        },
        "y": {
            "32": 0.0338
        },
        "depth": {
            "b": 1
        }
    },
    "ne": {
        "b": {
            "32": 0.0187
        },
        "y": {
            "32": 0.0246
        },
        "depth": {
            "b": 5
        }
    },
    "or": {
        "b": {
            "32": 0.0155
        },
        "y": {
            "32": 0.0167
        },
        "depth": {
            "b": 1
        }
    },
    "bvor": {
        "b": {
            "32": 0.0155
        },
        "y": {
            "32": 0.0167
        },
        "depth": {
            "b": 1
        }
    },
    "not": {
        "b": {
            "32": 0.0037
        },
        "y": {
            "32": 0.0084
        },
        "depth": {
            "b": 0
        }
    },
    "bvxor": {
        "b": {
            "32": 0.0037
        },
        "y": {
            "32": 0.0084
        },
        "depth": {
            "b": 0
        }
    },
    "bvsub": {
        "a": {
            "32": 0.0
        },
        "b": {
            "32": 0.0331
        },
        "y": {
            "32": 0.0574
        },
        "depth": {
            "a": 0,
            "b": 31
        }
    },
    "bvudiv": {
        "b": {
            "32": 1.034
        },
        "y": {
            "32": 1.5924
        },
        "depth": {
            "b": 652
        }
    },
    "bvurem": {
        "b": {
            "32": 1.0339
        },
        "y": {
            "32": 1.5921
        },
        "depth": {
            "b": 653
        }
    },
    "bvrem": {
        "b": {
            "32": 1.0339
        },
        "y": {
            "32": 1.5921
        },
        "depth": {
            "b": 653
        }
    },
    "bvshl": {
        "b": {
            "32": 0.0024
        },
        "y": {
            "32": 0.0052
        },
        "depth": {
            "b": 0
        }
    },
    "bvlshr": {
        "b": {
            "32": 0.0025
        },
        "y": {
            "32": 0.0056
        },
        "depth": {
            "b": 0
        }
    },
    "a2b": {
        "32": 0.14496
    },
    "a2y": {
        "32": 0.1306
    },
    "b2a": {
        "32": 0.01225
    },
    "b2y": {
        "32": 0.01922
    },
    "y2a": {
        "32": 0.00265
    },
    "y2b": {
        "32": 0.008
    },
    "(field 0)": {
        "a": {
            "32": 0
        },
        "b": {
            "32": 0
        },
        "y": {
            "32": 0
        },
        "depth": {
            "a": 0,
            "b": 0,
            "y": 0
        }
    },
    "select": {
        "b": {
            "32": 0.0417
        },
        "y": {
            "32": 0.0584
        },
        "depth": {
            "b": 5
        }
    },
    "store": {
        "b": {
            "32": 0.0417
        },
        "y": {
            "32": 0.0584
        },
        "depth": {
            "b": 5
        }
    }
}
