{
    "add": {
        "a": {
            "1": 0.20583,
            "8": 0.20448,
            "16": 0.20584,
            "32": 0.20295
        },
        "b": {
            "1": 0.18577,
            "8": 0.4443,
            "16": 0.54744,
            "32": 0.59563
        },
        "y": {
            "1": 0.2251,
            "8": 0.21593,
            "16": 0.28922,
            "32": 0.38037
        }
    },
    "and": {
        "b": {
            "1": 0.40378,
            "8": 0.40342,
            "16": 0.36407,
            "32": 0.35739
        },
        "y": {
            "1": 0.29983,
            "8": 0.29185,
            "16": 0.29563,
            "32": 0.30127
        }
    },
    "&&": {
        "b": {
            "1": 0.40378,
            "8": 0.40342,
            "16": 0.36407,
            "32": 0.35739
        },
        "y": {
            "1": 0.29983,
            "8": 0.29185,
            "16": 0.29563,
            "32": 0.30127
        }
    },
    "eq": {
        "b": {
            "1": 0.22991,
            "8": 0.52493,
            "16": 0.63153,
            "32": 0.66075
        },
        "y": {
            "1": 0.28024,
            "8": 0.27915,
            "16": 0.28488,
            "32": 0.29673
        }
    },
    "ge": {
        "b": {
            "1": 0.28189,
            "8": 0.51869,
            "16": 0.63491,
            "32": 0.73207
        },
        "y": {
            "1": 0.22501,
            "8": 0.22867,
            "16": 0.22948,
            "32": 0.24851
        }
    },
    "gt": {
        "b": {
            "1": 0.27727,
            "8": 0.51138,
            "16": 0.61596,
            "32": 0.71745
        },
        "y": {
            "1": 0.25688,
            "8": 0.29025,
            "16": 0.31262,
            "32": 0.32149
        }
    },
    "le": {
        "b": {
            "1": 0.3019,
            "8": 0.53464,
            "16": 0.64375,
            "32": 0.62356
        },
        "y": {
            "1": 0.22316,
            "8": 0.22708,
            "16": 0.23167,
            "32": 0.23265
        }
    },
    "lt": {
        "b": {
            "1": 0.27294,
            "8": 0.52415,
            "16": 0.62634,
            "32": 0.77731
        },
        "y": {
            "1": 0.24919,
            "8": 0.25101,
            "16": 0.26031,
            "32": 0.29316
        }
    },
    "mul": {
        "a": {
            "1": 0.36171,
            "8": 0.36279,
            "16": 0.36891,
            "32": 0.34458
        },
        "b": {
            "1": 0.36423,
            "8": 1.07859,
            "16": 1.48461,
            "32": 3.38624
        },
        "y": {
            "1": 0.24673,
            "8": 0.28301,
            "16": 0.37892,
            "32": 0.69082
        }
    },
    "mux": {
        "b": {
            "1": 0.30419,
            "8": 0.30504,
            "16": 0.29874,
            "32": 0.31805
        },
        "y": {
            "1": 0.25293,
            "8": 0.26887,
            "16": 0.27583,
            "32": 0.26217
        }
    },
    "ne": {
        "b": {
            "1": 0.19816,
            "8": 0.45907,
            "16": 0.55556,
            "32": 0.62523
        },
        "y": {
            "1": 0.25572,
            "8": 0.26113,
            "16": 0.26563,
            "32": 0.27009
        }
    },
    "or": {
        "b": {
            "1": 0.26868,
            "8": 0.30858,
            "16": 0.2649,
            "32": 0.26709
        },
        "y": {
            "1": 0.2153,
            "8": 0.21472,
            "16": 0.226,
            "32": 0.24895
        }
    },
    "||": {
        "b": {
            "1": 0.26868,
            "8": 0.30858,
            "16": 0.2649,
            "32": 0.26709
        },
        "y": {
            "1": 0.2153,
            "8": 0.21472,
            "16": 0.226,
            "32": 0.24895
        }
    },
    "xor": {
        "b": {
            "1": 0.17977,
            "8": 0.1833,
            "16": 0.18333,
            "32": 0.18716
        },
        "y": {
            "1": 0.2205,
            "8": 0.2183,
            "16": 0.22,
            "32": 0.27743
        }
    },
    "sub": {
        "a": {
            "1": 0.27506,
            "8": 0.30195,
            "16": 0.34359,
            "32": 0.37862
        },
        "b": {
            "1": 0.36466,
            "8": 1.23524,
            "16": 1.98803,
            "32": 3.26833
        },
        "y": {
            "1": 0.24517,
            "8": 0.26446,
            "16": 0.26581,
            "32": 0.27988
        }
    },
    "div": {
        "b": {
            "1": 0.40901,
            "8": 4.98558,
            "16": 15.4895,
            "32": 49.6762
        },
        "y": {
            "1": 0.25493,
            "8": 0.28783,
            "16": 0.36975,
            "32": 0.58143
        }
    },
    "rem": {
        "b": {
            "1": 0.56486,
            "8": 5.86985,
            "16": 17.2707,
            "32": 52.2416
        },
        "y": {
            "1": 0.27372,
            "8": 0.3481,
            "16": 0.57366,
            "32": 0.74941
        }
    },
    "a2b": {
        "1": 0.54295,
        "8": 0.54849,
        "16": 0.51277,
        "32": 0.48234
    },
    "a2y": {
        "1": 0.46887,
        "8": 0.43024,
        "16": 0.41856,
        "32": 0.43516
    },
    "b2a": {
        "1": 0.37769,
        "8": 0.36935,
        "16": 0.37778,
        "32": 0.35321
    },
    "b2y": {
        "1": 0.28589,
        "8": 0.3019,
        "16": 0.30625,
        "32": 0.30787
    },
    "y2a": {
        "1": 0.43527,
        "8": 0.44054,
        "16": 0.43778,
        "32": 0.45583
    },
    "y2b": {
        "1": 0.34544,
        "8": 0.34203,
        "16": 0.34109,
        "32": 0.34628
    },
    "inv": {
        "b": {
            "1": 0.20945,
            "8": 0.20853,
            "16": 0.21295,
            "32": 0.21659
        },
        "y": {
            "1": 0.22205,
            "8": 0.22365,
            "16": 0.22049,
            "32": 0.22534
        }
    },
    "select": {
        "b": {
            "1": 0.5341,
            "8": 0.82997,
            "16": 0.93027,
            "32": 0.97880
        },
        "y": {
            "1": 0.53317,
            "8": 0.54802,
            "16": 0.56071,
            "32": 0.5589
        }
    },
    "store": {
        "b": {
            "1": 0.5341,
            "8": 0.82997,
            "16": 0.93027,
            "32": 0.97880
        },
        "y": {
            "1": 0.53317,
            "8": 0.54802,
            "16": 0.56071,
            "32": 0.5589
        }
    }
}