{
    "depth": {
        "a": 8.96816269e-02, 
        "b": 1.09058202e-01
    },
    "add": {
        "a": {
            "32": 0.0000
        },
        "b": {
            "32": 0.1096
        },
        "y": {
            "32": 0.036
        },
        "depth": {
            "a": 0,
            "b": 6
        }
    },
    "&&": {
        "b": {
            "32": 0.0155
        },
        "y": {
            "32": 0.0132
        },
        "depth": {
            "b": 1
        }
    },
    "and": {
        "b": {
            "32": 0.0155
        },
        "y": {
            "32": 0.0132
        },
        "depth": {
            "b": 1
        }
    },
    "eq": {
        "b": {
            "32": 0.0187
        },
        "y": {
            "32": 0.0323
        },
        "depth": {
            "b": 4
        }
    },
    "ge": {
        "b": {
            "32": 0.0503
        },
        "y": {
            "32": 0.0244
        },
        "depth": {
            "b": 6
        }
    },
    "gt": {
        "b": {
            "32":  0.0503
        },
        "y": {
            "32": 0.0252
        },
        "depth": {
            "b": 6
        }
    },
    "le": {
        "b": {
            "32":  0.0503
        },
        "y": {
            "32": 0.0241
        },
        "depth": {
            "b": 6
        }
    },
    "lt": {
        "b": {
            "32":  0.0503
        },
        "y": {
            "32": 0.025
        },
        "depth": {
            "b": 6
        }
    },
    "mul": {
        "a": {
            "32": 0.0070
        },
        "b": {
            "32": 1.2870
        },
        "y": {
            "32": 1.3179
        },
        "depth": {
            "a": 1,
            "b": 32
        }
    },
    "mux": {
        "b": {
            "32": 0.0230
        },
        "y": {
            "32": 0.0234
        },
        "depth": {
            "b": 1
        }
    },
    "ne": {
        "b": {
            "32": 0.0187
        },
        "y": {
            "32": 0.0221
        },
        "depth": {
            "b": 5
        }
    },
    "||": {
        "b": {
            "32": 0.0155
        },
        "y": {
            "32": 0.0286
        },
        "depth": {
            "b": 1
        }
    },
    "or": {
        "b": {
            "32": 0.0155
        },
        "y": {
            "32": 0.0286
        },
        "depth": {
            "b": 1
        }
    },
    "xor": {
        "b": {
            "32": 0.0037
        },
        "y": {
            "32": 0.0044
        },
        "depth": {
            "b": 0
        }
    },
    "sub": {
        "a": {
            "32": 0.0000
        },
        "b": {
            "32": 0.0331
        },
        "y": {
            "32": 0.0443
        },
        "depth": {
            "a": 0,
            "b": 31
        }
    },
    "div": {
        "b": {
            "32": 1.0340
        },
        "y": {
            "32": 1.2217
        },
        "depth": {
            "b": 652
        }
    },
    "rem": {
        "b": {
            "32": 1.0339
        },
        "y": {
            "32": 1.227
        },
        "depth": {
            "b": 653
        }
    },
    "shl": {
        "b": {
            "32": 0.0024
        },
        "y": {
            "32": 0.0056
        },
        "depth": {
            "b": 0
        }
    },
    "shr": {
        "b": {
            "32": 0.0025
        },
        "y": {
            "32": 0.0056
        },
        "depth": {
            "b": 0
        }
    },
    "a2b": {
        "32": 0.14496
    },
    "a2y": {
        "32": 0.1306
    },
    "b2a": {
        "32": 0.01225
    },
    "b2y": {
        "32": 0.01922
    },
    "y2a": {
        "32": 0.00265
    },
    "y2b": {
        "32": 0.0080
    },
    "select": {
        "b": {
            "32": 0.6078
        },
        "y": {
            "32": 0.0875
        },
        "depth": {
            "b": 5
        }
    },
    "store": {
        "b": {
            "32": 0.6078
        },
        "y": {
            "32": 0.0875
        },
        "depth": {
            "b": 5
        }
    }
}