{
    "depth": {
        "a": 8.96816269e-02, 
        "b": 1.09058202e-01
    },
    "add": {
        "a": {
            "32": 0.0000
        },
        "b": {
            "32": 0.1096
        },
        "y": {
            "32": 0.0577
        },
        "depth": {
            "a": 0,
            "b": 6
        }
    },
    "&&": {
        "b": {
            "32": 0.0155
        },
        "y": {
            "32": 0.0167
        },
        "depth": {
            "b": 1
        }
    },
    "and": {
        "b": {
            "32": 0.0155
        },
        "y": {
            "32": 0.0167
        },
        "depth": {
            "b": 1
        }
    },
    "eq": {
        "b": {
            "32": 0.0187
        },
        "y": {
            "32": 0.0246
        },
        "depth": {
            "b": 4
        }
    },
    "ge": {
        "b": {
            "32": 0.0503
        },
        "y": {
            "32": 0.0419
        },
        "depth": {
            "b": 6
        }
    },
    "gt": {
        "b": {
            "32":  0.0503
        },
        "y": {
            "32": 0.0419
        },
        "depth": {
            "b": 6
        }
    },
    "le": {
        "b": {
            "32":  0.0503
        },
        "y": {
            "32": 0.0419
        },
        "depth": {
            "b": 6
        }
    },
    "lt": {
        "b": {
            "32":  0.0503
        },
        "y": {
            "32": 0.0419
        },
        "depth": {
            "b": 6
        }
    },
    "mul": {
        "a": {
            "32": 0.0070
        },
        "b": {
            "32": 1.2870
        },
        "y": {
            "32": 1.3127
        },
        "depth": {
            "a": 1,
            "b": 32
        }
    },
    "mux": {
        "b": {
            "32": 0.0230
        },
        "y": {
            "32": 0.0167
        },
        "depth": {
            "b": 1
        }
    },
    "ne": {
        "b": {
            "32": 0.0187
        },
        "y": {
            "32": 0.0246
        },
        "depth": {
            "b": 5
        }
    },
    "||": {
        "b": {
            "32": 0.0155
        },
        "y": {
            "32": 0.0347
        },
        "depth": {
            "b": 1
        }
    },
    "or": {
        "b": {
            "32": 0.0155
        },
        "y": {
            "32": 0.0167
        },
        "depth": {
            "b": 1
        }
    },
    "xor": {
        "b": {
            "32": 0.0037
        },
        "y": {
            "32": 0.0084
        },
        "depth": {
            "b": 0
        }
    },
    "sub": {
        "a": {
            "32": 0.0331
        },
        "b": {
            "32": 3.4139
        },
        "y": {
            "32": 0.0574
        },
        "depth": {
            "a": 0,
            "b": 31
        }
    },
    "div": {
        "b": {
            "32": 1.0340
        },
        "y": {
            "32": 1.5924
        },
        "depth": {
            "b": 652
        }
    },
    "rem": {
        "b": {
            "32": 1.0339
        },
        "y": {
            "32": 1.5921
        },
        "depth": {
            "b": 653
        }
    },
    "shl": {
        "b": {
            "32": 0.0019
        },
        "y": {
            "32": 0.0053
        },
        "depth": {
            "b": 0
        }
    },
    "shr": {
        "b": {
            "32": 0.0018
        },
        "y": {
            "32": 0.0047
        },
        "depth": {
            "b": 0
        }
    },
    "a2b": {
        "32": 0.0802
    },
    "a2y": {
        "32": 0.0730
    },
    "b2a": {
        "32": 0.0148
    },
    "b2y": {
        "32": 0.0267
    },
    "y2a": {
        "32": 0.0199
    },
    "y2b": {
        "32": 0.0080
    },
    "select": {
        "b": {
            "32": 0.6078
        },
        "y": {
            "32": 0.0875
        },
        "depth": {
            "b": 5
        }
    },
    "store": {
        "b": {
            "32": 0.6078
        },
        "y": {
            "32": 0.0875
        },
        "depth": {
            "b": 5
        }
    }
}