{
    "depth": {
        "a": 23.8547182, 
        "b": 23.8102725
    },
    "add": {
        "a": {
            "32": 0.0071
        },
        "b": {
            "32": 0.1553
        },
        "y": {
            "32": 0.0497
        },
        "depth": {
            "a": 0,
            "b": 6
        }
    },
    "&&": {
        "b": {
            "32": 0.0833
        },
        "y": {
            "32": 0.0283
        },
        "depth": {
            "b": 1
        }
    },
    "and": {
        "b": {
            "32": 0.0833
        },
        "y": {
            "32": 0.0283
        },
        "depth": {
            "b": 1
        }
    },
    "eq": {
        "b": {
            "32": 0.1761
        },
        "y": {
            "32": 0.0386
        },
        "depth": {
            "b": 4
        }
    },
    "ge": {
        "b": {
            "32": 0.4166
        },
        "y": {
            "32": 0.0318
        },
        "depth": {
            "b": 6
        }
    },
    "gt": {
        "b": {
            "32":  0.4166
        },
        "y": {
            "32": 0.0327
        },
        "depth": {
            "b": 6
        }
    },
    "le": {
        "b": {
            "32":  0.4166
        },
        "y": {
            "32": 0.0317
        },
        "depth": {
            "b": 6
        }
    },
    "lt": {
        "b": {
            "32":  0.4166
        },
        "y": {
            "32": 0.0325
        },
        "depth": {
            "b": 6
        }
    },
    "mul": {
        "a": {
            "32": 0.0132
        },
        "b": {
            "32": 18.4764
        },
        "y": {
            "32": 1.4383
        },
        "depth": {
            "a": 1,
            "b": 32
        }
    },
    "mux": {
        "b": {
            "32": 0.2771
        },
        "y": {
            "32": 0.0302
        },
        "depth": {
            "b": 1
        }
    },
    "ne": {
        "b": {
            "32": 0.1761
        },
        "y": {
            "32": 0.0302
        },
        "depth": {
            "b": 5
        }
    },
    "||": {
        "b": {
            "32": 0.0833
        },
        "y": {
            "32": 0.0331
        },
        "depth": {
            "b": 1
        }
    },
    "or": {
        "b": {
            "32": 0.0833
        },
        "y": {
            "32": 0.0331
        },
        "depth": {
            "b": 1
        }
    },
    "xor": {
        "b": {
            "32": 0.0954
        },
        "y": {
            "32": 0.0037
        },
        "depth": {
            "b": 0
        }
    },
    "sub": {
        "a": {
            "32": 0.0331
        },
        "b": {
            "32": 0.5486
        },
        "y": {
            "32": 0.0474
        },
        "depth": {
            "a": 0,
            "b": 31
        }
    },
    "div": {
        "b": {
            "32": 13.7154
        },
        "y": {
            "32": 1.4183
        },
        "depth": {
            "b": 652
        }
    },
    "rem": {
        "b": {
            "32": 13.7124
        },
        "y": {
            "32": 1.4018
        },
        "depth": {
            "b": 653
        }
    },
    "shl": {
        "b": {
            "32": 0.0015
        },
        "y": {
            "32": 0.0066
        },
        "depth": {
            "b": 0
        }
    },
    "shr": {
        "b": {
            "32": 0.0019
        },
        "y": {
            "32": 0.0056
        },
        "depth": {
            "b": 0
        }
    },
    "a2b": {
        "32": 0.24036
    },
    "a2y": {
        "32": 0.20321
    },
    "b2a": {
        "32": 0.01331
    },
    "b2y": {
        "32": 0.03268
    },
    "y2a": {
        "32": 0.02007
    },
    "y2b": {
        "32": 0.00249
    },
    "select": {
        "b": {
            "32": 0.6078
        },
        "y": {
            "32": 0.0688
        },
        "depth": {
            "b": 5
        }
    },
    "store": {
        "b": {
            "32": 0.6078
        },
        "y": {
            "32": 0.0688
        },
        "depth": {
            "b": 5
        }
    }
}