{
    "add": {
        "a": {
            "1": 71.3118,
            "8": 71.3034,
            "16": 71.2998,
            "32": 71.3599
        },
        "b": {
            "1": 71.2958,
            "8": 166.4475,
            "16": 190.3165,
            "32": 214.012
        },
        "y": {
            "1": 95.06225,
            "8": 95.08535,
            "16": 95.08085,
            "32": 95.09045
        }
    },
    "and": {
        "b": {
            "1": 95.0964,
            "8": 95.1045,
            "16": 95.1028,
            "32": 95.08680
        },
        "y": {
            "1": 95.0293,
            "8": 95.06655,
            "16": 95.0636,
            "32": 95.0785
        }
    },
    "&&": {
        "b": {
            "1": 95.0964,
            "8": 95.10455,
            "16": 95.1028,
            "32": 95.0868
        },
        "y": {
            "1": 95.0293,
            "8": 95.0665,
            "16": 95.0636,
            "32": 95.0785
        }
    },
    "eq": {
        "b": {
            "1": 71.4238,
            "8": 142.652,
            "16": 166.416,
            "32": 190.2055
        },
        "y": {
            "1": 95.0754,
            "8": 95.0559,
            "16": 95.0565,
            "32": 95.0782
        }
    },
    "ge": {
        "b": {
            "1": 95.1052,
            "8": 166.71,
            "16": 190.2409,
            "32": 214.0215
        },
        "y": {
            "1": 95.0384,
            "8": 95.0578,
            "16": 95.0711,
            "32": 95.0658
        }
    },
    "gt": {
        "b": {
            "1": 95.1007,
            "8": 166.494,
            "16": 190.2495,
            "32": 214.0115
        },
        "y": {
            "1": 95.1003,
            "8": 95.10485,
            "16": 95.1006,
            "32": 95.1308
        }
    },
    "le": {
        "b": {
            "1": 95.0782,
            "8": 166.483,
            "16": 190.2625,
            "32": 214.0745
        },
        "y": {
            "1": 95.148,
            "8": 95.0441,
            "16": 95.0715,
            "32": 95.0702
        }
    },
    "lt": {
        "b": {
            "1": 95.0897,
            "8": 166.462,
            "16": 190.2219,
            "32": 214.0045
        },
        "y": {
            "1": 95.0593,
            "8": 95.0621,
            "16": 95.0655,
            "32": 95.0735
        }
    },
    "mul": {
        "a": {
            "1": 95.0326,
            "8": 95.0879,
            "16": 95.1111,
            "32": 95.0764
        },
        "b": {
            "1": 95.1146,
            "8": 261.6155,
            "16": 452.106,
            "32": 833.0355
        },
        "y": {
            "1": 95.0505,
            "8": 95.0859,
            "16": 95.2050,
            "32": 95.6104
        }
    },
    "mux": {
        "b": {
            "1": 95.0457,
            "8": 95.0965,
            "16": 95.0676,
            "32": 95.10055
        },
        "y": {
            "1": 95.0459,
            "8": 95.0363,
            "16": 95.0777,
            "32": 95.0813
        }
    },
    "ne": {
        "b": {
            "1": 71.2941,
            "8": 142.637,
            "16": 166.4725,
            "32": 190.2765
        },
        "y": {
            "1": 95.0686,
            "8": 95.0596,
            "16": 95.0502,
            "32": 95.0527
        }
    },
    "or": {
        "b": {
            "1": 95.0722,
            "8": 95.1083,
            "16": 95.0935,
            "32": 95.1016
        },
        "y": {
            "1": 95.0367,
            "8": 95.0623,
            "16": 95.0317,
            "32": 95.0654
        }
    },
    "||": {
        "b": {
            "1": 95.0722,
            "8": 95.1083,
            "16": 95.0935,
            "32": 95.1016
        },
        "y": {
            "1": 95.0367,
            "8": 95.0623,
            "16": 95.0317,
            "32": 95.0654
        }
    },
    "xor": {
        "b": {
            "1": 71.305,
            "8": 71.2964,
            "16": 71.3129,
            "32": 71.3099
        },
        "y": {
            "1": 95.0547,
            "8": 95.0553,
            "16": 95.0823,
            "32": 95.07735
        }
    },
    "sub": {
        "a": {
            "1": 71.3010,
            "8": 71.3177,
            "16": 71.3333,
            "32": 71.3214
        },
        "b": {
            "1": 71.3063,
            "8": 237.769,
            "16": 427.9835,
            "32": 808.6179
        },
        "y": {
            "1": 95.0413,
            "8": 95.0895,
            "16": 95.0591,
            "32": 95.0945
        }
    },
    "div": {
        "b": {
            "1": 142.6375,
            "8": 1593.095,
            "16": 4731.63,
            "32": 15576.65
        },
        "y": {
            "1": 95.0521,
            "8": 95.1151,
            "16": 95.2709,
            "32": 95.5693
        }
    },
    "rem": {
        "b": {
            "1": 166.482,
            "8": 1617.01,
            "16": 4755.705,
            "32": 15599.2
        },
        "y": {
            "1": 95.0488,
            "8": 95.1079,
            "16": 95.2283,
            "32": 95.5234
        }
    },
    "a2b": {
        "1": 95.3074,
        "8": 95.2959,
        "16": 95.3031,
        "32": 95.29455
    },
    "a2y": {
        "1": 95.238,
        "8": 95.1767,
        "16": 95.1935,
        "32": 95.1897
    },
    "b2a": {
        "1": 95.1172,
        "8": 95.07509,
        "16": 95.1085,
        "32": 95.0810
    },
    "b2y": {
        "1": 95.0721,
        "8": 95.0971,
        "16": 95.1077,
        "32": 95.1062
    },
    "y2a": {
        "1": 142.6499,
        "8": 142.6705,
        "16": 142.6354,
        "32": 142.642
    },
    "y2b": {
        "1": 95.1570,
        "8": 95.1445,
        "16": 95.1261,
        "32": 95.1295
    },
    "inv": {
        "b": {
            "1": 71.2909,
            "8": 71.2987,
            "16": 71.3104,
            "32": 71.3198
        },
        "y": {
            "1": 71.2965,
            "8": 71.3019,
            "16": 71.3222,
            "32": 71.3088
        }
    },
    "select": {
        "b": {
            "1": 166.4696,
            "8": 237.7485,
            "16": 261.4836,
            "32": 285.3060
        },
        "y": {
            "1": 190.1213,
            "8": 190.0923,
            "16": 190.1343,
            "32": 190.1595
        }
    },
    "store": {
        "b": {
            "1": 166.4696,
            "8": 237.7485,
            "16": 261.4836,
            "32": 285.3060
        },
        "y": {
            "1": 190.1213,
            "8": 190.0923,
            "16": 190.1343,
            "32": 190.1595
        }
    }
}